ID_CLIENTE;SCORE;TARGET
1;730;BOM
2;500;BOM
3;318;BOM
4;942;BOM
5;473;BOM
6;726;BOM
7;581;BOM
8;54;MAU
9;375;BOM
10;975;BOM
11;786;BOM
12;761;BOM
13;586;BOM
14;171;BOM
15;993;BOM
16;941;BOM
17;104;MAU
18;954;BOM
19;337;BOM
20;980;BOM
21;701;BOM
22;349;MAU
23;841;BOM
24;18;MAU
25;439;BOM
26;922;BOM
27;524;BOM
28;771;BOM
29;824;BOM
30;563;BOM
31;864;BOM
32;800;BOM
33;729;BOM
34;845;BOM
35;862;BOM
36;445;BOM
37;917;BOM
38;903;BOM
39;793;BOM
40;184;BOM
41;789;BOM
42;670;BOM
43;693;MAU
44;874;BOM
45;978;BOM
46;580;BOM
47;665;BOM
48;925;BOM
49;770;BOM
50;766;BOM
51;469;MAU
52;926;BOM
53;642;MAU
54;936;BOM
55;430;BOM
56;757;BOM
57;817;BOM
58;950;BOM
59;648;BOM
60;921;BOM
61;851;BOM
62;904;BOM
63;978;BOM
64;889;BOM
65;713;BOM
66;623;BOM
67;364;BOM
68;560;MAU
69;683;BOM
70;998;BOM
71;432;BOM
72;966;BOM
73;910;BOM
74;495;BOM
75;462;BOM
76;585;BOM
77;826;BOM
78;995;BOM
79;510;BOM
80;988;BOM
81;664;MAU
82;788;BOM
83;572;BOM
84;893;BOM
85;915;BOM
86;54;BOM
87;676;BOM
88;97;BOM
89;838;BOM
90;918;BOM
91;946;BOM
92;854;BOM
93;595;BOM
94;971;BOM
95;546;BOM
96;774;BOM
97;974;BOM
98;748;BOM
99;955;BOM
100;618;BOM
101;122;MAU
102;947;BOM
103;296;MAU
104;812;BOM
105;106;BOM
106;828;BOM
107;798;BOM
108;663;BOM
109;928;BOM
110;887;BOM
111;977;BOM
112;122;MAU
113;361;BOM
114;61;MAU
115;902;BOM
116;459;MAU
117;882;BOM
118;772;BOM
119;814;BOM
120;212;MAU
121;825;BOM
122;807;BOM
123;976;BOM
124;926;BOM
125;806;BOM
126;620;BOM
127;806;BOM
128;957;BOM
129;912;BOM
130;682;BOM
131;565;BOM
132;801;BOM
133;768;BOM
134;898;BOM
135;877;BOM
136;84;MAU
137;773;BOM
138;282;BOM
139;60;MAU
140;930;BOM
141;752;BOM
142;847;BOM
143;318;MAU
144;931;BOM
145;310;BOM
146;659;BOM
147;783;MAU
148;978;BOM
149;673;MAU
150;832;BOM
151;689;BOM
152;138;BOM
153;803;BOM
154;999;BOM
155;80;MAU
156;125;MAU
157;252;MAU
158;305;BOM
159;802;BOM
160;635;BOM
161;386;MAU
162;414;MAU
163;819;BOM
164;879;BOM
165;977;BOM
166;301;BOM
167;145;BOM
168;833;BOM
169;947;BOM
170;929;BOM
171;844;BOM
172;934;BOM
173;631;BOM
174;967;BOM
175;581;BOM
176;198;MAU
177;687;BOM
178;900;BOM
179;866;BOM
180;838;MAU
181;836;BOM
182;226;BOM
183;893;BOM
184;442;BOM
185;532;BOM
186;886;BOM
187;424;BOM
188;38;MAU
189;464;BOM
190;912;BOM
191;567;BOM
192;904;BOM
193;902;BOM
194;305;BOM
195;963;BOM
196;499;BOM
197;939;BOM
198;520;BOM
199;681;BOM
200;231;BOM
201;946;BOM
202;154;BOM
203;866;BOM
204;421;BOM
205;946;BOM
206;794;BOM
207;183;MAU
208;926;BOM
209;907;BOM
210;975;BOM
211;844;MAU
212;15;MAU
213;689;BOM
214;509;BOM
215;164;BOM
216;84;BOM
217;690;BOM
218;669;BOM
219;904;BOM
220;600;BOM
221;865;BOM
222;857;BOM
223;487;MAU
224;932;BOM
225;65;MAU
226;799;BOM
227;84;MAU
228;380;BOM
229;835;BOM
230;934;BOM
231;853;BOM
232;322;BOM
233;415;BOM
234;861;BOM
235;907;BOM
236;718;MAU
237;964;BOM
238;927;BOM
239;348;BOM
240;112;BOM
241;930;BOM
242;866;BOM
243;908;BOM
244;940;BOM
245;871;BOM
246;853;BOM
247;512;BOM
248;554;BOM
249;507;BOM
250;54;MAU
251;840;BOM
252;142;BOM
253;333;BOM
254;954;BOM
255;32;MAU
256;26;MAU
257;909;BOM
258;898;BOM
259;404;BOM
260;130;MAU
261;541;BOM
262;953;BOM
263;165;BOM
264;961;BOM
265;592;BOM
266;64;MAU
267;893;BOM
268;69;BOM
269;964;BOM
270;972;BOM
271;961;BOM
272;935;BOM
273;875;BOM
274;792;BOM
275;325;BOM
276;191;MAU
277;885;BOM
278;708;BOM
279;711;MAU
280;929;BOM
281;749;BOM
282;931;BOM
283;132;MAU
284;949;BOM
285;952;BOM
286;841;BOM
287;727;BOM
288;965;BOM
289;221;MAU
290;696;BOM
291;685;BOM
292;836;BOM
293;455;BOM
294;905;BOM
295;875;BOM
296;877;BOM
297;950;BOM
298;498;BOM
299;934;BOM
300;956;BOM
301;73;BOM
302;935;BOM
303;886;BOM
304;232;MAU
305;953;BOM
306;915;BOM
307;20;MAU
308;702;BOM
309;481;BOM
310;748;BOM
311;912;BOM
312;817;BOM
313;370;BOM
314;722;BOM
315;788;BOM
316;820;BOM
317;617;BOM
318;818;BOM
319;521;BOM
320;678;BOM
321;888;BOM
322;210;MAU
323;150;MAU
324;953;BOM
325;495;BOM
326;470;BOM
327;204;BOM
328;929;BOM
329;884;BOM
330;835;BOM
331;71;MAU
332;228;MAU
333;980;BOM
334;874;BOM
335;343;MAU
336;858;BOM
337;386;BOM
338;906;BOM
339;191;BOM
340;627;BOM
341;897;BOM
342;608;BOM
343;353;BOM
344;993;BOM
345;896;BOM
346;974;BOM
347;523;MAU
348;178;BOM
349;961;BOM
350;368;MAU
351;267;BOM
352;448;MAU
353;959;BOM
354;900;BOM
355;78;MAU
356;971;BOM
357;875;BOM
358;63;BOM
359;907;BOM
360;959;BOM
361;892;BOM
362;776;BOM
363;527;BOM
364;134;BOM
365;638;BOM
366;918;BOM
367;276;BOM
368;842;BOM
369;955;BOM
370;871;BOM
371;285;BOM
372;808;BOM
373;958;BOM
374;915;BOM
375;872;BOM
376;902;BOM
377;548;MAU
378;881;BOM
379;934;BOM
380;833;BOM
381;940;BOM
382;314;BOM
383;783;BOM
384;424;BOM
385;593;BOM
386;668;BOM
387;671;BOM
388;99;MAU
389;191;MAU
390;967;BOM
391;921;MAU
392;695;BOM
393;554;BOM
394;49;MAU
395;663;BOM
396;679;BOM
397;372;MAU
398;965;BOM
399;704;BOM
400;626;BOM
401;912;BOM
402;904;BOM
403;836;BOM
404;297;MAU
405;146;MAU
406;435;BOM
407;710;BOM
408;771;BOM
409;939;BOM
410;582;BOM
411;745;BOM
412;949;BOM
413;956;BOM
414;976;BOM
415;712;BOM
416;955;BOM
417;876;BOM
418;135;BOM
419;880;BOM
420;839;BOM
421;722;BOM
422;23;MAU
423;911;BOM
424;719;BOM
425;918;BOM
426;965;BOM
427;952;BOM
428;217;BOM
429;976;BOM
430;91;BOM
431;153;MAU
432;990;BOM
433;681;BOM
434;935;BOM
435;981;BOM
436;269;BOM
437;948;BOM
438;927;BOM
439;724;BOM
440;785;BOM
441;752;BOM
442;742;BOM
443;758;BOM
444;611;BOM
445;47;BOM
446;522;BOM
447;108;MAU
448;904;BOM
449;685;BOM
450;398;MAU
451;778;BOM
452;321;MAU
453;277;MAU
454;967;BOM
455;318;MAU
456;799;BOM
457;714;BOM
458;794;BOM
459;267;BOM
460;228;BOM
461;114;MAU
462;666;BOM
463;945;BOM
464;796;BOM
465;119;MAU
466;602;BOM
467;848;BOM
468;816;BOM
469;83;BOM
470;408;BOM
471;950;BOM
472;985;BOM
473;296;BOM
474;386;BOM
475;683;BOM
476;892;BOM
477;171;MAU
478;779;BOM
479;30;MAU
480;762;BOM
481;905;BOM
482;864;BOM
483;960;BOM
484;165;MAU
485;898;BOM
486;443;BOM
487;210;MAU
488;923;BOM
489;194;MAU
490;329;BOM
491;919;BOM
492;980;BOM
493;120;MAU
494;449;MAU
495;236;MAU
496;736;BOM
497;501;BOM
498;623;BOM
499;965;BOM
500;17;BOM
501;388;BOM
502;884;BOM
503;630;BOM
504;880;BOM
505;856;BOM
506;367;BOM
507;724;BOM
508;961;BOM
509;638;BOM
510;337;BOM
511;455;BOM
512;266;MAU
513;105;MAU
514;933;BOM
515;935;BOM
516;872;BOM
517;427;BOM
518;663;BOM
519;991;BOM
520;662;BOM
521;44;MAU
522;37;MAU
523;874;MAU
524;971;BOM
525;198;BOM
526;359;BOM
527;675;BOM
528;686;BOM
529;145;BOM
530;57;BOM
531;880;BOM
532;821;BOM
533;687;BOM
534;671;BOM
535;165;BOM
536;682;BOM
537;818;BOM
538;934;BOM
539;65;MAU
540;142;MAU
541;697;BOM
542;777;BOM
543;962;BOM
544;620;BOM
545;873;BOM
546;767;BOM
547;799;BOM
548;902;BOM
549;812;BOM
550;761;BOM
551;921;BOM
552;593;BOM
553;884;BOM
554;687;BOM
555;982;BOM
556;755;BOM
557;833;BOM
558;260;MAU
559;762;BOM
560;78;BOM
561;579;BOM
562;383;BOM
563;949;BOM
564;921;BOM
565;143;BOM
566;235;BOM
567;927;BOM
568;265;MAU
569;527;BOM
570;932;BOM
571;495;BOM
572;871;BOM
573;398;BOM
574;961;BOM
575;801;BOM
576;757;BOM
577;939;BOM
578;212;BOM
579;964;BOM
580;15;BOM
581;91;BOM
582;791;BOM
583;12;MAU
584;945;BOM
585;265;BOM
586;885;BOM
587;623;BOM
588;933;BOM
589;955;BOM
590;147;BOM
591;952;BOM
592;877;BOM
593;772;BOM
594;410;BOM
595;27;MAU
596;619;BOM
597;791;BOM
598;939;BOM
599;572;MAU
600;975;BOM
601;778;BOM
602;334;BOM
603;77;BOM
604;85;BOM
605;349;MAU
606;874;BOM
607;382;BOM
608;708;BOM
609;887;BOM
610;476;MAU
611;909;BOM
612;300;BOM
613;536;BOM
614;80;MAU
615;609;BOM
616;980;BOM
617;550;BOM
618;553;BOM
619;880;BOM
620;909;BOM
621;165;MAU
622;735;BOM
623;872;BOM
624;751;BOM
625;980;BOM
626;506;BOM
627;151;MAU
628;630;BOM
629;419;BOM
630;960;BOM
631;756;BOM
632;864;BOM
633;915;BOM
634;6;MAU
635;894;BOM
636;952;BOM
637;274;MAU
638;318;BOM
639;791;BOM
640;992;BOM
641;403;MAU
642;794;BOM
643;943;BOM
644;636;MAU
645;225;MAU
646;24;MAU
647;928;BOM
648;511;MAU
649;540;BOM
650;744;BOM
651;231;MAU
652;503;BOM
653;601;BOM
654;912;BOM
655;743;BOM
656;747;BOM
657;852;BOM
658;316;BOM
659;908;BOM
660;440;BOM
661;343;BOM
662;399;BOM
663;746;BOM
664;918;BOM
665;593;BOM
666;30;MAU
667;990;BOM
668;791;BOM
669;771;BOM
670;820;BOM
671;771;BOM
672;887;BOM
673;722;BOM
674;522;BOM
675;100;BOM
676;882;BOM
677;628;BOM
678;887;BOM
679;814;BOM
680;966;BOM
681;588;BOM
682;575;BOM
683;674;BOM
684;838;BOM
685;973;MAU
686;811;BOM
687;103;MAU
688;855;BOM
689;874;BOM
690;806;BOM
691;510;BOM
692;656;BOM
693;375;BOM
694;744;BOM
695;534;BOM
696;203;MAU
697;839;BOM
698;883;BOM
699;927;BOM
700;651;BOM
701;915;BOM
702;993;BOM
703;665;BOM
704;744;BOM
705;906;BOM
706;36;MAU
707;668;BOM
708;912;BOM
709;533;BOM
710;139;MAU
711;226;MAU
712;679;BOM
713;974;BOM
714;638;BOM
715;386;BOM
716;178;MAU
717;929;MAU
718;340;BOM
719;777;BOM
720;693;BOM
721;917;BOM
722;938;BOM
723;835;BOM
724;693;BOM
725;937;BOM
726;892;BOM
727;727;BOM
728;512;BOM
729;758;BOM
730;558;BOM
731;989;BOM
732;145;MAU
733;184;BOM
734;519;BOM
735;857;BOM
736;918;BOM
737;878;BOM
738;770;BOM
739;948;BOM
740;861;BOM
741;867;BOM
742;664;BOM
743;725;BOM
744;806;BOM
745;723;BOM
746;210;BOM
747;661;BOM
748;827;BOM
749;858;BOM
750;105;MAU
751;566;BOM
752;877;BOM
753;367;BOM
754;645;BOM
755;287;BOM
756;595;BOM
757;499;BOM
758;871;BOM
759;880;MAU
760;847;BOM
761;659;BOM
762;670;BOM
763;416;MAU
764;894;BOM
765;959;BOM
766;334;BOM
767;984;BOM
768;487;BOM
769;184;MAU
770;983;MAU
771;640;BOM
772;976;BOM
773;924;BOM
774;76;BOM
775;541;BOM
776;918;BOM
777;979;BOM
778;886;BOM
779;712;BOM
780;823;BOM
781;936;BOM
782;835;BOM
783;202;BOM
784;160;MAU
785;809;BOM
786;869;BOM
787;985;BOM
788;853;BOM
789;612;BOM
790;319;BOM
791;373;MAU
792;936;BOM
793;345;MAU
794;973;BOM
795;869;BOM
796;300;BOM
797;952;BOM
798;391;MAU
799;400;BOM
800;119;MAU
801;959;BOM
802;999;BOM
803;772;BOM
804;651;BOM
805;175;BOM
806;846;BOM
807;942;BOM
808;704;MAU
809;963;BOM
810;950;BOM
811;676;MAU
812;948;BOM
813;552;BOM
814;982;BOM
815;872;BOM
816;188;BOM
817;970;BOM
818;637;BOM
819;245;BOM
820;863;BOM
821;69;MAU
822;468;BOM
823;421;MAU
824;217;BOM
825;110;MAU
826;567;BOM
827;818;BOM
828;658;BOM
829;507;BOM
830;260;BOM
831;551;BOM
832;804;BOM
833;826;BOM
834;778;BOM
835;871;BOM
836;393;BOM
837;925;BOM
838;423;MAU
839;233;MAU
840;958;BOM
841;961;BOM
842;73;BOM
843;806;BOM
844;436;BOM
845;5;MAU
846;51;MAU
847;937;BOM
848;625;BOM
849;905;BOM
850;120;MAU
851;632;BOM
852;781;BOM
853;928;BOM
854;754;BOM
855;611;BOM
856;984;BOM
857;822;BOM
858;650;BOM
859;903;BOM
860;687;BOM
861;673;BOM
862;729;BOM
863;997;BOM
864;797;BOM
865;913;BOM
866;972;BOM
867;976;BOM
868;585;BOM
869;917;BOM
870;989;BOM
871;438;BOM
872;495;BOM
873;906;BOM
874;86;MAU
875;802;BOM
876;610;MAU
877;817;BOM
878;770;BOM
879;883;BOM
880;929;BOM
881;945;BOM
882;567;BOM
883;95;BOM
884;919;BOM
885;196;BOM
886;458;BOM
887;554;BOM
888;632;BOM
889;938;BOM
890;950;BOM
891;971;BOM
892;712;BOM
893;594;BOM
894;756;BOM
895;645;MAU
896;908;BOM
897;976;BOM
898;795;BOM
899;708;BOM
900;949;BOM
901;216;BOM
902;406;BOM
903;910;BOM
904;981;BOM
905;600;BOM
906;621;BOM
907;922;BOM
908;733;MAU
909;113;MAU
910;378;MAU
911;574;BOM
912;956;BOM
913;969;BOM
914;691;BOM
915;724;BOM
916;732;BOM
917;441;MAU
918;611;MAU
919;120;MAU
920;855;BOM
921;659;BOM
922;579;BOM
923;581;BOM
924;998;BOM
925;967;BOM
926;969;BOM
927;640;BOM
928;614;MAU
929;242;MAU
930;399;BOM
931;489;BOM
932;971;BOM
933;362;BOM
934;95;BOM
935;898;BOM
936;298;BOM
937;384;BOM
938;715;BOM
939;489;BOM
940;239;MAU
941;298;BOM
942;229;BOM
943;826;BOM
944;940;BOM
945;257;BOM
946;141;MAU
947;980;BOM
948;610;BOM
949;94;BOM
950;673;BOM
951;893;BOM
952;179;BOM
953;907;BOM
954;711;MAU
955;708;BOM
956;736;BOM
957;909;BOM
958;476;BOM
959;326;BOM
960;813;BOM
961;951;BOM
962;859;BOM
963;383;BOM
964;479;BOM
965;981;BOM
966;775;MAU
967;755;BOM
968;329;MAU
969;339;BOM
970;899;BOM
971;352;MAU
972;914;BOM
973;956;BOM
974;930;BOM
975;765;BOM
976;808;BOM
977;154;MAU
978;837;BOM
979;895;BOM
980;504;BOM
981;868;BOM
982;897;BOM
983;897;BOM
984;587;BOM
985;195;BOM
986;21;MAU
987;979;BOM
988;318;BOM
989;787;BOM
990;58;MAU
991;426;MAU
992;720;BOM
993;670;BOM
994;680;BOM
995;475;BOM
996;198;BOM
997;844;BOM
998;806;BOM
999;576;BOM
1000;215;BOM
1001;699;BOM
1002;617;BOM
1003;112;BOM
1004;257;BOM
1005;967;BOM
1006;619;MAU
1007;263;BOM
1008;827;BOM
1009;891;BOM
1010;639;BOM
1011;953;BOM
1012;700;MAU
1013;859;BOM
1014;809;BOM
1015;916;BOM
1016;957;BOM
1017;211;BOM
1018;882;BOM
1019;713;BOM
1020;568;BOM
1021;202;BOM
1022;519;MAU
1023;895;BOM
1024;588;MAU
1025;811;BOM
1026;431;BOM
1027;47;MAU
1028;946;BOM
1029;749;BOM
1030;564;BOM
1031;456;MAU
1032;518;MAU
1033;638;MAU
1034;959;BOM
1035;286;MAU
1036;276;BOM
1037;158;BOM
1038;46;MAU
1039;940;BOM
1040;544;BOM
1041;892;BOM
1042;738;BOM
1043;922;BOM
1044;247;BOM
1045;237;BOM
1046;984;BOM
1047;845;MAU
1048;784;BOM
1049;452;BOM
1050;440;BOM
1051;894;BOM
1052;539;BOM
1053;805;BOM
1054;595;MAU
1055;157;MAU
1056;836;BOM
1057;908;MAU
1058;458;BOM
1059;575;MAU
1060;716;BOM
1061;992;BOM
1062;818;BOM
1063;408;BOM
1064;865;BOM
1065;838;BOM
1066;976;BOM
1067;493;BOM
1068;337;BOM
1069;945;BOM
1070;967;BOM
1071;634;BOM
1072;702;BOM
1073;729;BOM
1074;145;BOM
1075;819;BOM
1076;969;BOM
1077;894;BOM
1078;713;BOM
1079;265;MAU
1080;536;BOM
1081;368;MAU
1082;711;BOM
1083;921;BOM
1084;896;BOM
1085;370;BOM
1086;794;BOM
1087;977;BOM
1088;979;BOM
1089;270;BOM
1090;644;MAU
1091;224;MAU
1092;867;BOM
1093;841;BOM
1094;960;BOM
1095;642;BOM
1096;311;BOM
1097;224;MAU
1098;677;BOM
1099;741;BOM
1100;365;BOM
1101;220;BOM
1102;795;BOM
1103;923;BOM
1104;43;MAU
1105;682;BOM
1106;919;BOM
1107;266;BOM
1108;985;BOM
1109;38;MAU
1110;868;BOM
1111;894;BOM
1112;989;BOM
1113;8;MAU
1114;921;BOM
1115;257;BOM
1116;702;BOM
1117;795;BOM
1118;259;MAU
1119;888;BOM
1120;830;BOM
1121;822;BOM
1122;944;MAU
1123;793;BOM
1124;549;MAU
1125;61;MAU
1126;968;BOM
1127;621;MAU
1128;926;BOM
1129;451;BOM
1130;857;BOM
1131;303;BOM
1132;971;BOM
1133;399;MAU
1134;28;MAU
1135;956;BOM
1136;904;BOM
1137;288;BOM
1138;453;BOM
1139;933;BOM
1140;673;BOM
1141;302;BOM
1142;658;BOM
1143;928;BOM
1144;74;BOM
1145;658;BOM
1146;307;MAU
1147;187;BOM
1148;963;BOM
1149;46;MAU
1150;917;BOM
1151;264;MAU
1152;909;BOM
1153;533;BOM
1154;861;BOM
1155;496;BOM
1156;983;BOM
1157;774;BOM
1158;967;BOM
1159;960;BOM
1160;803;BOM
1161;977;BOM
1162;17;MAU
1163;884;BOM
1164;983;BOM
1165;202;BOM
1166;634;BOM
1167;930;BOM
1168;974;BOM
1169;919;BOM
1170;206;BOM
1171;716;BOM
1172;342;BOM
1173;966;BOM
1174;832;BOM
1175;925;BOM
1176;734;BOM
1177;698;MAU
1178;960;BOM
1179;863;BOM
1180;828;BOM
1181;822;BOM
1182;978;BOM
1183;851;BOM
1184;966;BOM
1185;846;BOM
1186;944;BOM
1187;480;BOM
1188;930;BOM
1189;955;BOM
1190;865;BOM
1191;210;BOM
1192;936;BOM
1193;918;BOM
1194;42;MAU
1195;871;BOM
1196;571;BOM
1197;855;BOM
1198;162;MAU
1199;597;BOM
1200;244;MAU
1201;444;BOM
1202;418;BOM
1203;853;BOM
1204;964;BOM
1205;542;BOM
1206;913;BOM
1207;934;BOM
1208;947;BOM
1209;953;BOM
1210;794;BOM
1211;49;MAU
1212;906;BOM
1213;324;BOM
1214;577;BOM
1215;973;BOM
1216;925;BOM
1217;883;BOM
1218;156;MAU
1219;119;BOM
1220;827;BOM
1221;829;BOM
1222;555;BOM
1223;92;BOM
1224;61;BOM
1225;502;BOM
1226;237;BOM
1227;152;MAU
1228;255;MAU
1229;978;BOM
1230;402;BOM
1231;775;BOM
1232;911;BOM
1233;965;BOM
1234;421;BOM
1235;892;BOM
1236;360;BOM
1237;907;BOM
1238;954;BOM
1239;320;BOM
1240;967;BOM
1241;812;BOM
1242;827;BOM
1243;922;BOM
1244;826;BOM
1245;153;BOM
1246;912;BOM
1247;934;BOM
1248;515;BOM
1249;167;BOM
1250;432;BOM
1251;434;BOM
1252;345;MAU
1253;799;BOM
1254;408;BOM
1255;686;BOM
1256;536;BOM
1257;323;BOM
1258;744;BOM
1259;692;BOM
1260;834;BOM
1261;917;BOM
1262;869;BOM
1263;643;MAU
1264;699;BOM
1265;860;BOM
1266;961;BOM
1267;237;BOM
1268;803;BOM
1269;548;BOM
1270;794;BOM
1271;771;BOM
1272;940;BOM
1273;663;BOM
1274;176;BOM
1275;542;BOM
1276;347;BOM
1277;931;BOM
1278;871;BOM
1279;917;BOM
1280;913;BOM
1281;912;BOM
1282;779;BOM
1283;124;BOM
1284;203;BOM
1285;261;BOM
1286;441;MAU
1287;935;BOM
1288;338;BOM
1289;445;BOM
1290;891;BOM
1291;929;BOM
1292;787;BOM
1293;336;BOM
1294;331;BOM
1295;847;BOM
1296;927;MAU
1297;551;BOM
1298;438;BOM
1299;108;BOM
1300;770;BOM
1301;156;MAU
1302;754;BOM
1303;803;BOM
1304;670;MAU
1305;844;BOM
1306;697;BOM
1307;971;BOM
1308;440;BOM
1309;687;BOM
1310;860;BOM
1311;960;BOM
1312;389;BOM
1313;910;BOM
1314;990;BOM
1315;552;BOM
1316;267;BOM
1317;36;MAU
1318;416;BOM
1319;182;MAU
1320;19;MAU
1321;884;BOM
1322;796;BOM
1323;279;MAU
1324;889;BOM
1325;919;BOM
1326;792;BOM
1327;925;BOM
1328;841;BOM
1329;791;BOM
1330;382;MAU
1331;955;BOM
1332;881;BOM
1333;886;BOM
1334;912;BOM
1335;864;BOM
1336;161;BOM
1337;376;BOM
1338;845;BOM
1339;974;BOM
1340;489;MAU
1341;611;BOM
1342;862;BOM
1343;909;BOM
1344;279;MAU
1345;842;BOM
1346;11;MAU
1347;624;BOM
1348;834;BOM
1349;67;MAU
1350;776;BOM
1351;922;BOM
1352;951;BOM
1353;373;MAU
1354;977;BOM
1355;193;BOM
1356;375;BOM
1357;957;BOM
1358;826;BOM
1359;520;BOM
1360;960;BOM
1361;880;BOM
1362;782;BOM
1363;261;BOM
1364;321;BOM
1365;918;BOM
1366;659;BOM
1367;940;BOM
1368;730;BOM
1369;116;MAU
1370;718;BOM
1371;214;BOM
1372;875;BOM
1373;894;BOM
1374;528;BOM
1375;338;BOM
1376;904;BOM
1377;275;BOM
1378;862;BOM
1379;958;BOM
1380;43;MAU
1381;455;BOM
1382;829;BOM
1383;982;BOM
1384;132;BOM
1385;918;BOM
1386;844;BOM
1387;470;BOM
1388;858;BOM
1389;966;BOM
1390;540;BOM
1391;497;BOM
1392;886;BOM
1393;920;BOM
1394;521;MAU
1395;79;BOM
1396;541;BOM
1397;370;BOM
1398;939;BOM
1399;980;BOM
1400;941;BOM
1401;645;BOM
1402;988;BOM
1403;876;BOM
1404;886;BOM
1405;68;MAU
1406;258;BOM
1407;444;MAU
1408;514;BOM
1409;899;BOM
1410;79;BOM
1411;754;BOM
1412;405;MAU
1413;943;BOM
1414;181;MAU
1415;848;BOM
1416;917;BOM
1417;921;BOM
1418;594;BOM
1419;200;MAU
1420;850;BOM
1421;84;MAU
1422;927;BOM
1423;840;BOM
1424;435;BOM
1425;672;BOM
1426;231;BOM
1427;810;BOM
1428;904;BOM
1429;264;MAU
1430;167;MAU
1431;837;BOM
1432;790;BOM
1433;34;MAU
1434;621;MAU
1435;75;MAU
1436;789;BOM
1437;681;BOM
1438;870;BOM
1439;728;BOM
1440;630;BOM
1441;613;BOM
1442;940;BOM
1443;253;BOM
1444;977;BOM
1445;905;BOM
1446;930;BOM
1447;529;BOM
1448;58;BOM
1449;571;BOM
1450;497;BOM
1451;614;BOM
1452;82;MAU
1453;431;BOM
1454;851;BOM
1455;996;BOM
1456;90;MAU
1457;940;BOM
1458;410;BOM
1459;732;BOM
1460;660;BOM
1461;47;MAU
1462;968;BOM
1463;814;BOM
1464;135;BOM
1465;112;MAU
1466;949;BOM
1467;652;BOM
1468;584;BOM
1469;161;BOM
1470;205;MAU
1471;739;BOM
1472;896;BOM
1473;840;BOM
1474;861;BOM
1475;644;BOM
1476;742;BOM
1477;951;BOM
1478;488;BOM
1479;898;BOM
1480;977;BOM
1481;763;BOM
1482;687;BOM
1483;837;BOM
1484;426;MAU
1485;687;BOM
1486;948;BOM
1487;966;BOM
1488;216;BOM
1489;849;BOM
1490;704;BOM
1491;887;BOM
1492;722;BOM
1493;312;BOM
1494;821;BOM
1495;991;BOM
1496;571;BOM
1497;824;BOM
1498;479;BOM
1499;728;BOM
1500;810;BOM
1501;841;BOM
1502;154;MAU
1503;467;BOM
1504;7;MAU
1505;28;MAU
1506;512;BOM
1507;695;BOM
1508;764;BOM
1509;948;BOM
1510;961;BOM
1511;28;MAU
1512;771;BOM
1513;826;BOM
1514;906;BOM
1515;160;BOM
1516;958;BOM
1517;490;BOM
1518;90;MAU
1519;916;BOM
1520;325;BOM
1521;882;BOM
1522;949;BOM
1523;827;BOM
1524;803;BOM
1525;97;MAU
1526;693;BOM
1527;932;MAU
1528;898;BOM
1529;707;BOM
1530;46;MAU
1531;727;BOM
1532;711;BOM
1533;723;BOM
1534;911;BOM
1535;850;BOM
1536;873;BOM
1537;368;BOM
1538;465;BOM
1539;693;BOM
1540;597;BOM
1541;433;BOM
1542;20;MAU
1543;154;BOM
1544;208;MAU
1545;165;BOM
1546;619;MAU
1547;182;MAU
1548;327;BOM
1549;421;BOM
1550;822;BOM
1551;876;BOM
1552;365;MAU
1553;796;BOM
1554;814;BOM
1555;948;BOM
1556;767;BOM
1557;625;BOM
1558;771;BOM
1559;380;BOM
1560;908;BOM
1561;751;BOM
1562;910;BOM
1563;787;BOM
1564;898;BOM
1565;849;BOM
1566;465;BOM
1567;4;MAU
1568;865;BOM
1569;867;BOM
1570;426;BOM
1571;933;BOM
1572;427;MAU
1573;962;BOM
1574;636;BOM
1575;952;BOM
1576;187;BOM
1577;775;BOM
1578;74;BOM
1579;342;BOM
1580;866;BOM
1581;580;BOM
1582;133;BOM
1583;841;BOM
1584;925;BOM
1585;629;BOM
1586;801;BOM
1587;638;BOM
1588;144;MAU
1589;923;BOM
1590;221;BOM
1591;896;BOM
1592;627;BOM
1593;854;BOM
1594;889;BOM
1595;332;BOM
1596;709;BOM
1597;894;BOM
1598;351;BOM
1599;226;MAU
1600;910;BOM
1601;903;BOM
1602;690;BOM
1603;845;BOM
1604;663;MAU
1605;935;BOM
1606;399;BOM
1607;137;BOM
1608;753;BOM
1609;832;BOM
1610;703;BOM
1611;476;BOM
1612;948;BOM
1613;814;BOM
1614;721;BOM
1615;410;BOM
1616;264;BOM
1617;946;BOM
1618;440;BOM
1619;27;MAU
1620;881;BOM
1621;796;BOM
1622;245;BOM
1623;370;BOM
1624;901;BOM
1625;594;BOM
1626;133;BOM
1627;747;BOM
1628;950;BOM
1629;939;BOM
1630;655;BOM
1631;964;BOM
1632;500;MAU
1633;902;BOM
1634;847;BOM
1635;894;BOM
1636;960;BOM
1637;328;BOM
1638;986;BOM
1639;933;BOM
1640;731;BOM
1641;876;BOM
1642;963;BOM
1643;986;BOM
1644;831;BOM
1645;304;MAU
1646;837;BOM
1647;906;BOM
1648;348;BOM
1649;461;BOM
1650;852;BOM
1651;704;BOM
1652;66;BOM
1653;428;BOM
1654;481;BOM
1655;657;BOM
1656;756;BOM
1657;979;BOM
1658;201;BOM
1659;906;BOM
1660;497;BOM
1661;904;BOM
1662;755;BOM
1663;795;BOM
1664;929;BOM
1665;755;BOM
1666;865;BOM
1667;897;BOM
1668;216;BOM
1669;802;BOM
1670;806;BOM
1671;963;MAU
1672;899;BOM
1673;676;BOM
1674;145;BOM
1675;590;BOM
1676;484;BOM
1677;876;BOM
1678;982;BOM
1679;851;BOM
1680;956;BOM
1681;879;BOM
1682;915;BOM
1683;275;MAU
1684;524;MAU
1685;907;BOM
1686;471;BOM
1687;408;BOM
1688;988;BOM
1689;844;BOM
1690;20;MAU
1691;888;BOM
1692;857;BOM
1693;202;BOM
1694;882;BOM
1695;694;BOM
1696;85;BOM
1697;635;BOM
1698;890;BOM
1699;429;MAU
1700;685;BOM
1701;932;BOM
1702;980;BOM
1703;828;BOM
1704;907;MAU
1705;82;BOM
1706;934;BOM
1707;654;BOM
1708;598;BOM
1709;739;BOM
1710;514;BOM
1711;962;BOM
1712;854;BOM
1713;809;BOM
1714;893;BOM
1715;156;MAU
1716;272;MAU
1717;882;BOM
1718;528;MAU
1719;152;BOM
1720;841;BOM
1721;899;BOM
1722;963;BOM
1723;416;BOM
1724;828;BOM
1725;392;BOM
1726;940;BOM
1727;943;BOM
1728;917;BOM
1729;140;BOM
1730;921;BOM
1731;880;BOM
1732;279;BOM
1733;33;MAU
1734;838;BOM
1735;757;MAU
1736;933;BOM
1737;145;MAU
1738;36;MAU
1739;862;BOM
1740;72;BOM
1741;979;BOM
1742;943;BOM
1743;247;MAU
1744;952;BOM
1745;932;BOM
1746;499;BOM
1747;956;BOM
1748;250;MAU
1749;885;BOM
1750;916;BOM
1751;698;BOM
1752;575;BOM
1753;958;BOM
1754;192;BOM
1755;610;BOM
1756;971;BOM
1757;589;MAU
1758;88;BOM
1759;957;BOM
1760;184;BOM
1761;733;BOM
1762;537;BOM
1763;135;MAU
1764;902;BOM
1765;810;BOM
1766;220;MAU
1767;987;BOM
1768;876;BOM
1769;700;BOM
1770;808;BOM
1771;871;BOM
1772;939;BOM
1773;750;BOM
1774;254;BOM
1775;209;BOM
1776;253;BOM
1777;959;BOM
1778;809;BOM
1779;364;MAU
1780;942;BOM
1781;947;BOM
1782;467;BOM
1783;929;BOM
1784;460;BOM
1785;940;BOM
1786;179;MAU
1787;984;BOM
1788;961;BOM
1789;580;BOM
1790;610;BOM
1791;907;BOM
1792;84;MAU
1793;814;BOM
1794;900;BOM
1795;521;BOM
1796;701;BOM
1797;288;MAU
1798;544;BOM
1799;189;BOM
1800;383;BOM
1801;430;MAU
1802;928;BOM
1803;179;BOM
1804;296;BOM
1805;941;BOM
1806;769;BOM
1807;885;BOM
1808;977;BOM
1809;485;BOM
1810;617;BOM
1811;672;BOM
1812;440;BOM
1813;858;BOM
1814;967;BOM
1815;549;BOM
1816;467;MAU
1817;937;BOM
1818;361;BOM
1819;833;BOM
1820;996;BOM
1821;957;BOM
1822;680;BOM
1823;898;BOM
1824;531;BOM
1825;870;BOM
1826;585;BOM
1827;712;BOM
1828;831;BOM
1829;460;MAU
1830;952;BOM
1831;764;BOM
1832;918;BOM
1833;795;BOM
1834;512;BOM
1835;467;MAU
1836;468;BOM
1837;699;BOM
1838;393;BOM
1839;858;BOM
1840;424;BOM
1841;457;BOM
1842;91;MAU
1843;808;BOM
1844;732;BOM
1845;926;BOM
1846;948;BOM
1847;836;BOM
1848;779;MAU
1849;836;BOM
1850;256;MAU
1851;775;BOM
1852;869;BOM
1853;944;BOM
1854;696;MAU
1855;892;BOM
1856;869;BOM
1857;942;BOM
1858;599;BOM
1859;781;BOM
1860;988;BOM
1861;776;BOM
1862;10;MAU
1863;974;BOM
1864;361;BOM
1865;915;BOM
1866;702;BOM
1867;818;BOM
1868;858;BOM
1869;611;BOM
1870;896;BOM
1871;65;BOM
1872;159;BOM
1873;908;BOM
1874;599;BOM
1875;221;MAU
1876;841;BOM
1877;628;BOM
1878;774;MAU
1879;942;BOM
1880;429;MAU
1881;535;BOM
1882;950;BOM
1883;956;BOM
1884;562;BOM
1885;735;BOM
1886;905;BOM
1887;87;BOM
1888;307;MAU
1889;805;BOM
1890;976;BOM
1891;596;MAU
1892;930;BOM
1893;618;BOM
1894;345;BOM
1895;691;BOM
1896;903;BOM
1897;949;BOM
1898;929;BOM
1899;760;BOM
1900;895;BOM
1901;643;BOM
1902;637;BOM
1903;819;BOM
1904;889;BOM
1905;195;MAU
1906;895;BOM
1907;929;BOM
1908;960;BOM
1909;838;BOM
1910;714;BOM
1911;612;BOM
1912;895;BOM
1913;90;BOM
1914;804;BOM
1915;976;BOM
1916;698;BOM
1917;975;BOM
1918;269;BOM
1919;543;BOM
1920;484;BOM
1921;176;MAU
1922;543;MAU
1923;171;MAU
1924;210;MAU
1925;544;BOM
1926;176;BOM
1927;674;BOM
1928;556;BOM
1929;925;BOM
1930;977;BOM
1931;368;BOM
1932;84;BOM
1933;948;BOM
1934;996;BOM
1935;101;MAU
1936;389;BOM
1937;968;BOM
1938;725;BOM
1939;846;BOM
1940;545;BOM
1941;325;BOM
1942;910;BOM
1943;808;BOM
1944;261;MAU
1945;689;BOM
1946;664;BOM
1947;138;MAU
1948;793;BOM
1949;961;BOM
1950;931;BOM
1951;979;BOM
1952;188;BOM
1953;133;MAU
1954;797;BOM
1955;9;MAU
1956;260;BOM
1957;428;BOM
1958;912;BOM
1959;78;MAU
1960;917;BOM
1961;751;BOM
1962;98;BOM
1963;947;BOM
1964;416;BOM
1965;927;BOM
1966;783;BOM
1967;874;BOM
1968;895;BOM
1969;981;BOM
1970;943;BOM
1971;982;BOM
1972;910;BOM
1973;607;MAU
1974;834;BOM
1975;208;MAU
1976;796;BOM
1977;390;BOM
1978;906;BOM
1979;849;BOM
1980;944;BOM
1981;345;BOM
1982;889;BOM
1983;689;BOM
1984;553;BOM
1985;30;MAU
1986;668;BOM
1987;861;BOM
1988;461;BOM
1989;879;BOM
1990;969;BOM
1991;561;MAU
1992;753;MAU
1993;833;BOM
1994;922;BOM
1995;307;BOM
1996;119;MAU
1997;296;MAU
1998;539;BOM
1999;38;MAU
2000;460;BOM
2001;418;BOM
2002;869;BOM
2003;872;BOM
2004;609;BOM
2005;674;BOM
2006;478;BOM
2007;566;BOM
2008;817;BOM
2009;661;BOM
2010;831;BOM
2011;965;BOM
2012;331;MAU
2013;179;BOM
2014;993;BOM
2015;636;BOM
2016;567;MAU
2017;595;BOM
2018;908;BOM
2019;50;BOM
2020;80;BOM
2021;739;MAU
2022;963;BOM
2023;89;BOM
2024;271;BOM
2025;203;MAU
2026;218;MAU
2027;595;BOM
2028;777;BOM
2029;702;MAU
2030;669;BOM
2031;93;BOM
2032;614;BOM
2033;177;MAU
2034;601;BOM
2035;154;BOM
2036;806;BOM
2037;305;MAU
2038;984;BOM
2039;454;BOM
2040;198;BOM
2041;580;BOM
2042;781;BOM
2043;152;MAU
2044;725;MAU
2045;172;BOM
2046;826;BOM
2047;491;BOM
2048;473;BOM
2049;895;BOM
2050;580;BOM
2051;889;BOM
2052;717;BOM
2053;959;BOM
2054;754;BOM
2055;562;BOM
2056;608;MAU
2057;895;BOM
2058;208;BOM
2059;898;BOM
2060;569;BOM
2061;193;MAU
2062;384;BOM
2063;937;BOM
2064;612;BOM
2065;299;MAU
2066;823;MAU
2067;534;BOM
2068;188;MAU
2069;175;MAU
2070;741;BOM
2071;449;BOM
2072;873;BOM
2073;356;MAU
2074;838;BOM
2075;877;BOM
2076;478;BOM
2077;246;MAU
2078;872;BOM
2079;874;BOM
2080;802;BOM
2081;771;BOM
2082;486;BOM
2083;962;BOM
2084;807;BOM
2085;877;MAU
2086;758;BOM
2087;253;MAU
2088;734;BOM
2089;366;BOM
2090;836;BOM
2091;976;BOM
2092;398;MAU
2093;880;BOM
2094;743;BOM
2095;936;BOM
2096;957;BOM
2097;779;BOM
2098;897;BOM
2099;899;BOM
2100;538;MAU
2101;881;MAU
2102;785;BOM
2103;863;BOM
2104;276;BOM
2105;918;BOM
2106;527;BOM
2107;308;MAU
2108;786;BOM
2109;565;MAU
2110;596;BOM
2111;252;BOM
2112;411;BOM
2113;751;BOM
2114;163;BOM
2115;872;BOM
2116;782;BOM
2117;255;MAU
2118;821;BOM
2119;487;BOM
2120;933;BOM
2121;904;BOM
2122;795;BOM
2123;43;MAU
2124;787;BOM
2125;372;BOM
2126;976;BOM
2127;448;BOM
2128;884;BOM
2129;472;BOM
2130;579;BOM
2131;523;BOM
2132;973;BOM
2133;864;BOM
2134;981;BOM
2135;522;BOM
2136;303;BOM
2137;42;BOM
2138;118;MAU
2139;19;MAU
2140;365;BOM
2141;213;BOM
2142;930;BOM
2143;969;BOM
2144;515;BOM
2145;488;BOM
2146;411;BOM
2147;335;MAU
2148;793;BOM
2149;951;BOM
2150;887;BOM
2151;962;BOM
2152;529;MAU
2153;547;MAU
2154;763;BOM
2155;576;BOM
2156;893;BOM
2157;778;BOM
2158;227;MAU
2159;834;BOM
2160;380;BOM
2161;580;BOM
2162;715;BOM
2163;617;BOM
2164;937;BOM
2165;955;BOM
2166;578;BOM
2167;119;BOM
2168;229;MAU
2169;889;BOM
2170;293;BOM
2171;497;BOM
2172;825;BOM
2173;129;BOM
2174;38;BOM
2175;906;BOM
2176;946;BOM
2177;517;BOM
2178;532;BOM
2179;156;MAU
2180;698;BOM
2181;963;BOM
2182;575;BOM
2183;348;BOM
2184;955;BOM
2185;910;BOM
2186;40;MAU
2187;980;BOM
2188;759;BOM
2189;524;BOM
2190;912;BOM
2191;335;BOM
2192;908;BOM
2193;927;BOM
2194;140;BOM
2195;658;BOM
2196;583;BOM
2197;910;BOM
2198;520;BOM
2199;227;BOM
2200;899;BOM
2201;827;BOM
2202;814;BOM
2203;973;BOM
2204;229;BOM
2205;678;BOM
2206;943;BOM
2207;815;BOM
2208;190;BOM
2209;590;BOM
2210;763;BOM
2211;208;MAU
2212;972;BOM
2213;368;BOM
2214;501;MAU
2215;495;BOM
2216;316;BOM
2217;611;BOM
2218;656;BOM
2219;905;BOM
2220;848;BOM
2221;276;BOM
2222;744;BOM
2223;669;BOM
2224;334;MAU
2225;540;BOM
2226;162;BOM
2227;828;BOM
2228;247;BOM
2229;190;BOM
2230;917;BOM
2231;219;MAU
2232;918;BOM
2233;826;BOM
2234;452;BOM
2235;710;BOM
2236;956;BOM
2237;68;MAU
2238;404;BOM
2239;957;BOM
2240;870;BOM
2241;944;BOM
2242;975;BOM
2243;563;MAU
2244;696;MAU
2245;692;BOM
2246;125;BOM
2247;227;MAU
2248;43;MAU
2249;304;MAU
2250;659;BOM
2251;834;BOM
2252;645;BOM
2253;786;BOM
2254;540;BOM
2255;837;BOM
2256;904;BOM
2257;851;BOM
2258;282;BOM
2259;652;BOM
2260;165;BOM
2261;590;BOM
2262;946;BOM
2263;384;MAU
2264;892;BOM
2265;759;BOM
2266;487;BOM
2267;817;BOM
2268;932;BOM
2269;908;BOM
2270;128;MAU
2271;969;BOM
2272;51;MAU
2273;924;BOM
2274;539;BOM
2275;917;BOM
2276;30;MAU
2277;357;MAU
2278;989;BOM
2279;160;MAU
2280;727;BOM
2281;928;BOM
2282;596;BOM
2283;568;BOM
2284;322;BOM
2285;875;BOM
2286;171;BOM
2287;601;BOM
2288;950;BOM
2289;841;BOM
2290;974;BOM
2291;865;BOM
2292;68;MAU
2293;496;BOM
2294;118;BOM
2295;51;MAU
2296;909;BOM
2297;949;BOM
2298;944;BOM
2299;639;BOM
2300;876;BOM
2301;873;BOM
2302;580;BOM
2303;870;BOM
2304;874;BOM
2305;922;BOM
2306;937;BOM
2307;967;BOM
2308;656;MAU
2309;950;BOM
2310;132;MAU
2311;658;BOM
2312;843;BOM
2313;927;BOM
2314;924;BOM
2315;447;MAU
2316;364;BOM
2317;509;BOM
2318;777;BOM
2319;890;BOM
2320;664;BOM
2321;78;MAU
2322;895;BOM
2323;200;BOM
2324;645;BOM
2325;957;BOM
2326;151;BOM
2327;885;BOM
2328;495;MAU
2329;289;MAU
2330;904;BOM
2331;791;BOM
2332;101;MAU
2333;697;BOM
2334;109;BOM
2335;789;BOM
2336;416;MAU
2337;416;BOM
2338;945;BOM
2339;907;BOM
2340;889;BOM
2341;367;BOM
2342;871;BOM
2343;84;BOM
2344;258;BOM
2345;923;BOM
2346;838;BOM
2347;856;BOM
2348;841;BOM
2349;832;BOM
2350;742;BOM
2351;522;BOM
2352;36;MAU
2353;893;BOM
2354;165;MAU
2355;626;BOM
2356;100;MAU
2357;925;BOM
2358;855;BOM
2359;829;BOM
2360;681;BOM
2361;949;BOM
2362;836;BOM
2363;682;BOM
2364;636;BOM
2365;384;MAU
2366;795;BOM
2367;932;BOM
2368;283;BOM
2369;750;BOM
2370;984;BOM
2371;936;BOM
2372;908;BOM
2373;935;BOM
2374;536;BOM
2375;300;BOM
2376;211;MAU
2377;947;BOM
2378;412;BOM
2379;266;BOM
2380;96;MAU
2381;309;BOM
2382;983;BOM
2383;286;BOM
2384;278;BOM
2385;781;BOM
2386;939;BOM
2387;596;BOM
2388;132;BOM
2389;219;MAU
2390;532;BOM
2391;950;BOM
2392;888;BOM
2393;980;BOM
2394;532;MAU
2395;211;BOM
2396;509;BOM
2397;923;BOM
2398;619;BOM
2399;621;BOM
2400;902;BOM
2401;830;BOM
2402;887;BOM
2403;979;BOM
2404;295;BOM
2405;703;MAU
2406;493;BOM
2407;745;BOM
2408;752;BOM
2409;889;BOM
2410;646;BOM
2411;792;BOM
2412;805;BOM
2413;833;BOM
2414;591;BOM
2415;822;BOM
2416;834;BOM
2417;913;BOM
2418;869;BOM
2419;903;BOM
2420;812;BOM
2421;494;BOM
2422;652;BOM
2423;761;BOM
2424;963;BOM
2425;567;BOM
2426;408;BOM
2427;823;BOM
2428;386;BOM
2429;118;BOM
2430;751;BOM
2431;850;BOM
2432;902;BOM
2433;780;BOM
2434;922;BOM
2435;941;BOM
2436;113;MAU
2437;761;BOM
2438;360;BOM
2439;704;BOM
2440;226;MAU
2441;87;MAU
2442;930;BOM
2443;877;BOM
2444;939;BOM
2445;133;MAU
2446;176;BOM
2447;567;BOM
2448;879;BOM
2449;670;BOM
2450;164;BOM
2451;604;BOM
2452;261;MAU
2453;851;BOM
2454;887;BOM
2455;892;BOM
2456;893;BOM
2457;982;BOM
2458;885;BOM
2459;93;BOM
2460;419;BOM
2461;368;BOM
2462;322;BOM
2463;188;BOM
2464;566;BOM
2465;127;MAU
2466;823;BOM
2467;264;BOM
2468;563;BOM
2469;206;MAU
2470;966;BOM
2471;847;BOM
2472;305;BOM
2473;815;BOM
2474;986;BOM
2475;965;BOM
2476;398;BOM
2477;880;BOM
2478;729;BOM
2479;593;MAU
2480;968;BOM
2481;975;BOM
2482;322;MAU
2483;681;BOM
2484;149;BOM
2485;878;BOM
2486;98;MAU
2487;548;BOM
2488;13;MAU
2489;325;BOM
2490;928;BOM
2491;916;BOM
2492;524;MAU
2493;7;MAU
2494;953;BOM
2495;857;BOM
2496;30;MAU
2497;306;MAU
2498;326;BOM
2499;777;BOM
2500;402;BOM
2501;737;BOM
2502;750;BOM
2503;469;BOM
2504;876;BOM
2505;892;BOM
2506;500;MAU
2507;749;BOM
2508;425;BOM
2509;218;BOM
2510;923;BOM
2511;760;BOM
2512;969;BOM
2513;958;BOM
2514;914;BOM
2515;954;BOM
2516;786;BOM
2517;29;MAU
2518;907;BOM
2519;848;BOM
2520;436;BOM
2521;979;BOM
2522;506;BOM
2523;926;BOM
2524;762;BOM
2525;275;MAU
2526;355;BOM
2527;958;BOM
2528;251;BOM
2529;618;BOM
2530;923;BOM
2531;447;BOM
2532;636;BOM
2533;669;BOM
2534;576;BOM
2535;140;MAU
2536;900;BOM
2537;957;BOM
2538;457;BOM
2539;670;BOM
2540;919;MAU
2541;818;BOM
2542;321;BOM
2543;707;BOM
2544;589;BOM
2545;603;MAU
2546;798;BOM
2547;895;BOM
2548;886;BOM
2549;882;BOM
2550;995;BOM
2551;894;BOM
2552;389;BOM
2553;393;BOM
2554;59;MAU
2555;950;BOM
2556;907;BOM
2557;910;BOM
2558;172;BOM
2559;881;BOM
2560;334;BOM
2561;232;BOM
2562;329;BOM
2563;135;MAU
2564;408;BOM
2565;931;BOM
2566;972;BOM
2567;923;BOM
2568;248;BOM
2569;521;MAU
2570;248;MAU
2571;795;BOM
2572;886;BOM
2573;996;BOM
2574;504;BOM
2575;794;BOM
2576;897;BOM
2577;45;MAU
2578;988;BOM
2579;504;BOM
2580;520;MAU
2581;949;BOM
2582;141;MAU
2583;928;BOM
2584;977;BOM
2585;17;MAU
2586;47;MAU
2587;843;BOM
2588;269;BOM
2589;748;BOM
2590;828;BOM
2591;235;BOM
2592;440;BOM
2593;724;BOM
2594;901;BOM
2595;831;BOM
2596;923;BOM
2597;784;BOM
2598;653;BOM
2599;872;BOM
2600;861;BOM
2601;189;BOM
2602;856;BOM
2603;289;BOM
2604;763;BOM
2605;60;BOM
2606;793;BOM
2607;897;BOM
2608;168;MAU
2609;327;MAU
2610;609;MAU
2611;386;BOM
2612;977;BOM
2613;834;BOM
2614;908;BOM
2615;949;BOM
2616;507;BOM
2617;75;MAU
2618;387;BOM
2619;426;MAU
2620;979;BOM
2621;138;MAU
2622;850;MAU
2623;257;BOM
2624;750;BOM
2625;247;BOM
2626;882;BOM
2627;872;BOM
2628;575;BOM
2629;708;BOM
2630;512;BOM
2631;628;BOM
2632;949;BOM
2633;945;BOM
2634;227;BOM
2635;672;BOM
2636;466;BOM
2637;984;BOM
2638;531;BOM
2639;601;BOM
2640;977;BOM
2641;956;BOM
2642;63;BOM
2643;902;BOM
2644;724;BOM
2645;351;BOM
2646;579;BOM
2647;845;BOM
2648;261;MAU
2649;923;BOM
2650;184;BOM
2651;950;BOM
2652;960;BOM
2653;59;BOM
2654;893;BOM
2655;496;BOM
2656;492;BOM
2657;860;BOM
2658;366;BOM
2659;979;BOM
2660;736;BOM
2661;771;BOM
2662;122;MAU
2663;867;BOM
2664;750;BOM
2665;939;BOM
2666;981;BOM
2667;880;BOM
2668;813;BOM
2669;825;BOM
2670;245;MAU
2671;933;BOM
2672;706;BOM
2673;527;BOM
2674;910;BOM
2675;301;MAU
2676;774;BOM
2677;175;BOM
2678;930;BOM
2679;500;BOM
2680;149;MAU
2681;918;BOM
2682;692;BOM
2683;834;BOM
2684;985;BOM
2685;962;BOM
2686;803;BOM
2687;706;BOM
2688;481;BOM
2689;649;BOM
2690;442;BOM
2691;900;BOM
2692;597;BOM
2693;377;MAU
2694;853;BOM
2695;466;MAU
2696;184;BOM
2697;538;BOM
2698;765;BOM
2699;234;BOM
2700;737;BOM
2701;686;BOM
2702;981;BOM
2703;112;BOM
2704;970;BOM
2705;918;BOM
2706;335;BOM
2707;918;BOM
2708;556;BOM
2709;795;BOM
2710;960;BOM
2711;962;BOM
2712;944;BOM
2713;792;BOM
2714;22;MAU
2715;843;BOM
2716;450;BOM
2717;956;BOM
2718;855;BOM
2719;460;BOM
2720;963;BOM
2721;563;BOM
2722;286;MAU
2723;445;BOM
2724;850;BOM
2725;385;BOM
2726;992;BOM
2727;407;BOM
2728;903;BOM
2729;747;BOM
2730;118;MAU
2731;22;BOM
2732;9;MAU
2733;720;BOM
2734;900;BOM
2735;764;BOM
2736;186;MAU
2737;749;BOM
2738;957;BOM
2739;473;BOM
2740;585;BOM
2741;844;BOM
2742;699;BOM
2743;862;BOM
2744;346;BOM
2745;23;MAU
2746;314;MAU
2747;938;BOM
2748;717;BOM
2749;532;MAU
2750;364;BOM
2751;594;BOM
2752;765;BOM
2753;633;BOM
2754;598;BOM
2755;135;BOM
2756;220;MAU
2757;987;BOM
2758;706;BOM
2759;855;BOM
2760;571;MAU
2761;558;BOM
2762;327;BOM
2763;137;BOM
2764;458;MAU
2765;300;MAU
2766;849;BOM
2767;950;BOM
2768;748;MAU
2769;687;BOM
2770;927;BOM
2771;510;MAU
2772;881;BOM
2773;833;BOM
2774;788;BOM
2775;939;BOM
2776;186;MAU
2777;928;BOM
2778;342;BOM
2779;871;BOM
2780;189;BOM
2781;633;BOM
2782;895;BOM
2783;297;BOM
2784;835;BOM
2785;24;MAU
2786;490;BOM
2787;967;BOM
2788;945;BOM
2789;805;BOM
2790;920;BOM
2791;870;BOM
2792;963;BOM
2793;832;BOM
2794;930;BOM
2795;548;BOM
2796;306;BOM
2797;538;MAU
2798;607;BOM
2799;195;MAU
2800;917;BOM
2801;882;BOM
2802;432;BOM
2803;979;BOM
2804;919;BOM
2805;389;BOM
2806;450;BOM
2807;927;BOM
2808;223;MAU
2809;231;BOM
2810;451;MAU
2811;909;BOM
2812;707;BOM
2813;935;BOM
2814;490;BOM
2815;862;BOM
2816;53;MAU
2817;305;BOM
2818;957;BOM
2819;940;BOM
2820;755;BOM
2821;724;BOM
2822;430;BOM
2823;961;BOM
2824;669;BOM
2825;249;BOM
2826;950;BOM
2827;755;BOM
2828;509;BOM
2829;965;BOM
2830;5;MAU
2831;521;BOM
2832;996;BOM
2833;633;BOM
2834;510;BOM
2835;755;BOM
2836;882;BOM
2837;856;BOM
2838;716;BOM
2839;944;BOM
2840;543;BOM
2841;756;BOM
2842;593;BOM
2843;969;BOM
2844;503;BOM
2845;656;BOM
2846;340;BOM
2847;973;BOM
2848;972;BOM
2849;988;BOM
2850;839;BOM
2851;504;BOM
2852;97;BOM
2853;573;BOM
2854;760;BOM
2855;780;BOM
2856;911;BOM
2857;608;BOM
2858;952;BOM
2859;960;BOM
2860;283;BOM
2861;706;BOM
2862;417;BOM
2863;899;MAU
2864;819;BOM
2865;812;BOM
2866;597;BOM
2867;485;MAU
2868;992;BOM
2869;945;BOM
2870;493;BOM
2871;723;BOM
2872;330;BOM
2873;217;MAU
2874;828;BOM
2875;726;BOM
2876;971;BOM
2877;160;BOM
2878;176;MAU
2879;897;BOM
2880;758;BOM
2881;975;BOM
2882;587;MAU
2883;192;MAU
2884;857;BOM
2885;56;BOM
2886;596;BOM
2887;374;BOM
2888;569;BOM
2889;799;BOM
2890;141;BOM
2891;924;BOM
2892;539;BOM
2893;900;BOM
2894;910;BOM
2895;334;MAU
2896;952;BOM
2897;526;BOM
2898;224;BOM
2899;336;BOM
2900;33;MAU
2901;224;BOM
2902;333;BOM
2903;844;BOM
2904;951;BOM
2905;514;BOM
2906;810;BOM
2907;303;BOM
2908;355;MAU
2909;963;BOM
2910;928;BOM
2911;874;BOM
2912;765;BOM
2913;607;BOM
2914;926;BOM
2915;730;BOM
2916;241;MAU
2917;27;MAU
2918;275;MAU
2919;313;MAU
2920;55;BOM
2921;855;BOM
2922;526;BOM
2923;537;BOM
2924;915;BOM
2925;851;BOM
2926;906;BOM
2927;903;BOM
2928;703;MAU
2929;262;MAU
2930;927;BOM
2931;952;BOM
2932;335;BOM
2933;317;BOM
2934;917;BOM
2935;235;MAU
2936;663;BOM
2937;665;MAU
2938;208;MAU
2939;658;BOM
2940;594;BOM
2941;683;BOM
2942;822;BOM
2943;148;MAU
2944;985;BOM
2945;386;MAU
2946;954;BOM
2947;35;MAU
2948;728;BOM
2949;460;BOM
2950;917;BOM
2951;837;BOM
2952;838;BOM
2953;33;MAU
2954;727;BOM
2955;905;BOM
2956;700;MAU
2957;903;BOM
2958;660;BOM
2959;535;BOM
2960;971;BOM
2961;347;BOM
2962;880;BOM
2963;960;BOM
2964;903;BOM
2965;910;BOM
2966;22;BOM
2967;579;BOM
2968;394;MAU
2969;50;BOM
2970;865;BOM
2971;930;BOM
2972;980;BOM
2973;787;BOM
2974;876;BOM
2975;96;BOM
2976;972;BOM
2977;988;BOM
2978;395;BOM
2979;925;BOM
2980;24;MAU
2981;678;BOM
2982;902;BOM
2983;938;BOM
2984;900;BOM
2985;907;BOM
2986;597;BOM
2987;947;BOM
2988;406;BOM
2989;620;MAU
2990;638;BOM
2991;794;BOM
2992;757;BOM
2993;864;BOM
2994;955;BOM
2995;171;BOM
2996;801;BOM
2997;295;BOM
2998;764;BOM
2999;622;BOM
3000;477;MAU
3001;744;BOM
3002;673;BOM
3003;475;BOM
3004;917;BOM
3005;425;BOM
3006;942;BOM
3007;185;BOM
3008;941;BOM
3009;996;BOM
3010;811;BOM
3011;719;BOM
3012;224;BOM
3013;910;BOM
3014;636;BOM
3015;486;BOM
3016;914;BOM
3017;839;BOM
3018;264;BOM
3019;479;BOM
3020;625;BOM
3021;240;BOM
3022;777;BOM
3023;82;MAU
3024;928;BOM
3025;961;BOM
3026;863;BOM
3027;871;BOM
3028;888;BOM
3029;775;BOM
3030;931;BOM
3031;547;MAU
3032;911;BOM
3033;498;BOM
3034;877;BOM
3035;605;BOM
3036;619;BOM
3037;566;MAU
3038;709;BOM
3039;980;BOM
3040;254;BOM
3041;231;MAU
3042;746;BOM
3043;971;BOM
3044;35;MAU
3045;207;MAU
3046;592;BOM
3047;558;BOM
3048;876;BOM
3049;970;BOM
3050;901;BOM
3051;705;BOM
3052;849;BOM
3053;982;BOM
3054;580;BOM
3055;765;BOM
3056;392;MAU
3057;954;BOM
3058;697;BOM
3059;898;BOM
3060;808;BOM
3061;867;BOM
3062;565;BOM
3063;458;BOM
3064;879;BOM
3065;823;BOM
3066;898;BOM
3067;759;BOM
3068;613;BOM
3069;63;BOM
3070;906;BOM
3071;492;BOM
3072;974;BOM
3073;91;BOM
3074;188;BOM
3075;462;BOM
3076;654;MAU
3077;654;BOM
3078;221;MAU
3079;869;BOM
3080;859;BOM
3081;890;BOM
3082;914;BOM
3083;669;BOM
3084;928;BOM
3085;972;BOM
3086;200;MAU
3087;986;BOM
3088;739;BOM
3089;978;BOM
3090;136;MAU
3091;843;BOM
3092;436;BOM
3093;278;MAU
3094;877;BOM
3095;650;BOM
3096;483;MAU
3097;771;BOM
3098;323;BOM
3099;925;BOM
3100;961;BOM
3101;907;BOM
3102;659;BOM
3103;831;BOM
3104;854;BOM
3105;915;BOM
3106;900;BOM
3107;829;BOM
3108;145;BOM
3109;805;BOM
3110;27;MAU
3111;173;BOM
3112;938;BOM
3113;811;BOM
3114;949;BOM
3115;195;BOM
3116;884;BOM
3117;819;BOM
3118;846;BOM
3119;937;BOM
3120;256;BOM
3121;98;MAU
3122;980;BOM
3123;129;BOM
3124;325;BOM
3125;713;BOM
3126;490;BOM
3127;601;BOM
3128;209;MAU
3129;83;MAU
3130;864;BOM
3131;22;MAU
3132;574;BOM
3133;453;BOM
3134;840;BOM
3135;178;MAU
3136;906;BOM
3137;146;MAU
3138;963;BOM
3139;464;BOM
3140;966;BOM
3141;944;BOM
3142;687;BOM
3143;956;BOM
3144;852;BOM
3145;432;BOM
3146;785;MAU
3147;777;BOM
3148;929;BOM
3149;921;BOM
3150;662;BOM
3151;88;BOM
3152;163;MAU
3153;962;BOM
3154;233;MAU
3155;702;BOM
3156;765;BOM
3157;765;BOM
3158;57;MAU
3159;311;BOM
3160;98;BOM
3161;353;BOM
3162;527;BOM
3163;607;BOM
3164;169;BOM
3165;941;BOM
3166;477;BOM
3167;875;BOM
3168;795;BOM
3169;960;BOM
3170;421;BOM
3171;954;BOM
3172;886;BOM
3173;604;BOM
3174;682;BOM
3175;709;BOM
3176;817;BOM
3177;761;BOM
3178;911;BOM
3179;939;BOM
3180;692;BOM
3181;830;BOM
3182;774;BOM
3183;811;BOM
3184;99;BOM
3185;722;BOM
3186;833;BOM
3187;313;BOM
3188;692;BOM
3189;353;BOM
3190;63;BOM
3191;331;BOM
3192;994;BOM
3193;703;BOM
3194;357;BOM
3195;181;MAU
3196;821;BOM
3197;902;BOM
3198;879;BOM
3199;566;BOM
3200;185;MAU
3201;953;BOM
3202;815;BOM
3203;796;BOM
3204;707;BOM
3205;855;BOM
3206;590;BOM
3207;914;BOM
3208;946;BOM
3209;980;BOM
3210;807;BOM
3211;866;BOM
3212;141;MAU
3213;746;BOM
3214;170;MAU
3215;876;BOM
3216;941;BOM
3217;847;BOM
3218;455;MAU
3219;862;BOM
3220;967;BOM
3221;947;BOM
3222;651;BOM
3223;349;BOM
3224;948;BOM
3225;821;BOM
3226;144;MAU
3227;872;BOM
3228;988;BOM
3229;361;BOM
3230;789;MAU
3231;126;BOM
3232;458;BOM
3233;244;BOM
3234;143;MAU
3235;926;BOM
3236;847;BOM
3237;757;BOM
3238;931;BOM
3239;828;BOM
3240;301;BOM
3241;873;BOM
3242;601;MAU
3243;219;BOM
3244;49;MAU
3245;948;BOM
3246;861;BOM
3247;978;BOM
3248;761;BOM
3249;452;MAU
3250;811;BOM
3251;615;BOM
3252;852;BOM
3253;769;BOM
3254;996;BOM
3255;708;BOM
3256;85;BOM
3257;667;BOM
3258;953;BOM
3259;396;MAU
3260;994;BOM
3261;639;BOM
3262;614;BOM
3263;359;BOM
3264;755;BOM
3265;959;BOM
3266;897;BOM
3267;825;BOM
3268;955;BOM
3269;666;BOM
3270;929;BOM
3271;847;BOM
3272;790;MAU
3273;978;BOM
3274;877;BOM
3275;934;BOM
3276;551;BOM
3277;766;BOM
3278;921;BOM
3279;108;MAU
3280;268;BOM
3281;698;BOM
3282;696;BOM
3283;745;BOM
3284;867;BOM
3285;155;BOM
3286;935;BOM
3287;805;MAU
3288;851;BOM
3289;327;BOM
3290;927;BOM
3291;618;MAU
3292;934;BOM
3293;637;MAU
3294;203;MAU
3295;838;BOM
3296;990;BOM
3297;409;MAU
3298;589;BOM
3299;867;BOM
3300;902;BOM
3301;47;MAU
3302;862;BOM
3303;175;MAU
3304;94;MAU
3305;114;BOM
3306;846;BOM
3307;639;BOM
3308;905;BOM
3309;837;BOM
3310;580;MAU
3311;761;BOM
3312;749;BOM
3313;788;BOM
3314;691;BOM
3315;593;BOM
3316;992;BOM
3317;875;BOM
3318;227;MAU
3319;687;BOM
3320;667;MAU
3321;762;BOM
3322;409;BOM
3323;120;BOM
3324;789;BOM
3325;793;MAU
3326;848;BOM
3327;983;BOM
3328;575;BOM
3329;636;BOM
3330;841;BOM
3331;736;BOM
3332;991;BOM
3333;93;MAU
3334;339;BOM
3335;822;BOM
3336;605;BOM
3337;493;BOM
3338;98;MAU
3339;261;BOM
3340;948;BOM
3341;781;BOM
3342;906;BOM
3343;778;BOM
3344;421;BOM
3345;982;BOM
3346;956;BOM
3347;124;MAU
3348;253;BOM
3349;907;BOM
3350;663;BOM
3351;848;BOM
3352;943;BOM
3353;586;BOM
3354;698;BOM
3355;86;BOM
3356;245;BOM
3357;155;BOM
3358;439;BOM
3359;767;BOM
3360;991;BOM
3361;954;BOM
3362;709;BOM
3363;584;BOM
3364;829;BOM
3365;243;MAU
3366;47;MAU
3367;259;BOM
3368;373;MAU
3369;274;BOM
3370;523;MAU
3371;955;BOM
3372;708;BOM
3373;969;BOM
3374;62;MAU
3375;458;BOM
3376;932;BOM
3377;916;BOM
3378;868;BOM
3379;771;BOM
3380;779;BOM
3381;886;BOM
3382;977;BOM
3383;19;MAU
3384;997;BOM
3385;298;BOM
3386;166;BOM
3387;919;BOM
3388;915;BOM
3389;844;BOM
3390;520;BOM
3391;925;BOM
3392;835;BOM
3393;888;BOM
3394;339;BOM
3395;896;BOM
3396;928;BOM
3397;38;MAU
3398;726;BOM
3399;583;BOM
3400;910;BOM
3401;386;BOM
3402;928;BOM
3403;962;BOM
3404;781;BOM
3405;176;MAU
3406;853;BOM
3407;389;BOM
3408;731;BOM
3409;110;MAU
3410;118;MAU
3411;863;BOM
3412;489;BOM
3413;331;BOM
3414;903;BOM
3415;952;BOM
3416;981;BOM
3417;967;BOM
3418;527;BOM
3419;841;BOM
3420;955;BOM
3421;952;BOM
3422;977;BOM
3423;910;BOM
3424;122;BOM
3425;715;BOM
3426;229;MAU
3427;570;BOM
3428;909;BOM
3429;715;BOM
3430;697;BOM
3431;313;BOM
3432;667;BOM
3433;542;BOM
3434;715;BOM
3435;975;BOM
3436;511;BOM
3437;827;MAU
3438;973;BOM
3439;935;BOM
3440;988;BOM
3441;49;MAU
3442;991;BOM
3443;259;BOM
3444;239;BOM
3445;796;BOM
3446;463;BOM
3447;686;BOM
3448;477;BOM
3449;950;BOM
3450;562;BOM
3451;893;BOM
3452;533;BOM
3453;577;BOM
3454;885;BOM
3455;21;MAU
3456;885;BOM
3457;378;BOM
3458;739;BOM
3459;943;BOM
3460;791;BOM
3461;921;BOM
3462;966;BOM
3463;82;BOM
3464;941;BOM
3465;969;BOM
3466;851;BOM
3467;42;MAU
3468;183;BOM
3469;675;BOM
3470;912;BOM
3471;522;BOM
3472;852;BOM
3473;924;BOM
3474;390;BOM
3475;465;BOM
3476;952;BOM
3477;985;BOM
3478;666;BOM
3479;805;BOM
3480;180;MAU
3481;941;BOM
3482;626;BOM
3483;481;BOM
3484;972;BOM
3485;268;MAU
3486;459;BOM
3487;673;MAU
3488;786;BOM
3489;762;BOM
3490;699;BOM
3491;828;BOM
3492;924;BOM
3493;935;BOM
3494;807;MAU
3495;737;BOM
3496;549;BOM
3497;582;MAU
3498;741;BOM
3499;936;BOM
3500;872;BOM
3501;394;BOM
3502;166;MAU
3503;283;BOM
3504;749;BOM
3505;592;MAU
3506;975;BOM
3507;926;BOM
3508;791;BOM
3509;250;BOM
3510;201;MAU
3511;899;BOM
3512;645;BOM
3513;639;BOM
3514;168;BOM
3515;922;BOM
3516;938;BOM
3517;849;BOM
3518;233;MAU
3519;147;MAU
3520;669;MAU
3521;751;BOM
3522;438;BOM
3523;982;BOM
3524;464;BOM
3525;954;BOM
3526;915;BOM
3527;907;BOM
3528;858;BOM
3529;199;BOM
3530;350;BOM
3531;74;MAU
3532;979;BOM
3533;806;MAU
3534;780;BOM
3535;965;BOM
3536;655;BOM
3537;864;BOM
3538;683;BOM
3539;374;BOM
3540;250;BOM
3541;680;BOM
3542;885;BOM
3543;392;MAU
3544;859;BOM
3545;874;BOM
3546;978;BOM
3547;642;BOM
3548;779;BOM
3549;910;BOM
3550;959;BOM
3551;869;BOM
3552;565;BOM
3553;872;BOM
3554;838;BOM
3555;770;BOM
3556;203;BOM
3557;466;BOM
3558;905;BOM
3559;131;MAU
3560;908;BOM
3561;768;BOM
3562;943;BOM
3563;207;MAU
3564;819;BOM
3565;962;BOM
3566;879;BOM
3567;404;BOM
3568;861;BOM
3569;971;BOM
3570;391;BOM
3571;949;BOM
3572;526;BOM
3573;377;BOM
3574;377;BOM
3575;822;BOM
3576;487;BOM
3577;798;BOM
3578;248;MAU
3579;798;BOM
3580;738;BOM
3581;537;BOM
3582;898;BOM
3583;715;BOM
3584;962;BOM
3585;257;BOM
3586;998;BOM
3587;912;BOM
3588;41;MAU
3589;994;BOM
3590;42;MAU
3591;727;BOM
3592;859;BOM
3593;933;BOM
3594;960;BOM
3595;938;BOM
3596;792;BOM
3597;796;BOM
3598;447;BOM
3599;126;MAU
3600;911;BOM
3601;983;BOM
3602;499;BOM
3603;380;BOM
3604;950;BOM
3605;776;BOM
3606;960;BOM
3607;876;BOM
3608;647;BOM
3609;466;BOM
3610;794;BOM
3611;597;BOM
3612;746;BOM
3613;298;MAU
3614;85;MAU
3615;925;MAU
3616;498;BOM
3617;934;BOM
3618;928;BOM
3619;619;BOM
3620;852;BOM
3621;273;BOM
3622;286;BOM
3623;959;BOM
3624;977;BOM
3625;224;BOM
3626;480;BOM
3627;855;BOM
3628;542;BOM
3629;895;BOM
3630;693;BOM
3631;484;BOM
3632;763;BOM
3633;787;BOM
3634;441;BOM
3635;445;BOM
3636;906;BOM
3637;851;BOM
3638;939;BOM
3639;704;BOM
3640;244;BOM
3641;688;BOM
3642;208;BOM
3643;963;BOM
3644;920;BOM
3645;661;BOM
3646;145;MAU
3647;279;MAU
3648;206;MAU
3649;156;BOM
3650;723;BOM
3651;931;BOM
3652;805;BOM
3653;762;BOM
3654;861;BOM
3655;449;MAU
3656;787;BOM
3657;919;BOM
3658;796;BOM
3659;936;BOM
3660;955;BOM
3661;959;BOM
3662;643;BOM
3663;419;MAU
3664;273;MAU
3665;585;BOM
3666;437;BOM
3667;53;MAU
3668;851;BOM
3669;72;BOM
3670;886;BOM
3671;910;BOM
3672;800;BOM
3673;203;BOM
3674;479;BOM
3675;929;BOM
3676;634;BOM
3677;564;BOM
3678;860;BOM
3679;770;BOM
3680;916;BOM
3681;259;BOM
3682;528;MAU
3683;932;BOM
3684;334;MAU
3685;740;BOM
3686;679;BOM
3687;969;BOM
3688;509;BOM
3689;939;BOM
3690;484;BOM
3691;742;BOM
3692;944;BOM
3693;953;BOM
3694;912;BOM
3695;940;BOM
3696;508;BOM
3697;443;BOM
3698;883;BOM
3699;957;BOM
3700;961;BOM
3701;779;BOM
3702;424;BOM
3703;546;BOM
3704;905;MAU
3705;715;BOM
3706;930;MAU
3707;902;BOM
3708;17;MAU
3709;949;BOM
3710;923;BOM
3711;957;BOM
3712;658;BOM
3713;154;MAU
3714;755;BOM
3715;633;BOM
3716;931;BOM
3717;773;BOM
3718;645;BOM
3719;333;BOM
3720;519;BOM
3721;839;BOM
3722;904;BOM
3723;948;BOM
3724;809;BOM
3725;702;BOM
3726;215;MAU
3727;728;BOM
3728;300;BOM
3729;7;MAU
3730;768;BOM
3731;40;MAU
3732;731;BOM
3733;978;BOM
3734;219;MAU
3735;962;BOM
3736;502;MAU
3737;897;BOM
3738;216;MAU
3739;899;BOM
3740;691;BOM
3741;52;MAU
3742;546;BOM
3743;974;BOM
3744;930;BOM
3745;941;BOM
3746;297;BOM
3747;381;BOM
3748;916;BOM
3749;611;MAU
3750;875;BOM
3751;937;BOM
3752;939;BOM
3753;898;BOM
3754;966;BOM
3755;606;BOM
3756;428;BOM
3757;910;BOM
3758;286;BOM
3759;261;BOM
3760;948;BOM
3761;513;BOM
3762;855;BOM
3763;238;BOM
3764;972;BOM
3765;454;BOM
3766;945;BOM
3767;570;BOM
3768;112;BOM
3769;361;BOM
3770;965;BOM
3771;925;BOM
3772;803;BOM
3773;885;BOM
3774;933;BOM
3775;876;BOM
3776;946;BOM
3777;831;BOM
3778;869;BOM
3779;893;BOM
3780;978;BOM
3781;821;BOM
3782;367;BOM
3783;843;BOM
3784;917;BOM
3785;945;BOM
3786;573;BOM
3787;710;BOM
3788;513;BOM
3789;861;BOM
3790;966;BOM
3791;952;BOM
3792;710;BOM
3793;289;BOM
3794;183;BOM
3795;945;BOM
3796;642;BOM
3797;902;BOM
3798;338;BOM
3799;313;MAU
3800;874;BOM
3801;837;BOM
3802;892;BOM
3803;232;BOM
3804;801;BOM
3805;945;BOM
3806;615;BOM
3807;736;BOM
3808;119;BOM
3809;681;BOM
3810;97;MAU
3811;805;BOM
3812;931;BOM
3813;972;BOM
3814;653;BOM
3815;926;BOM
3816;797;BOM
3817;35;BOM
3818;999;BOM
3819;466;BOM
3820;903;BOM
3821;954;BOM
3822;522;MAU
3823;125;BOM
3824;922;BOM
3825;936;BOM
3826;738;BOM
3827;906;BOM
3828;976;BOM
3829;978;BOM
3830;32;MAU
3831;979;BOM
3832;307;BOM
3833;728;BOM
3834;230;MAU
3835;958;BOM
3836;101;MAU
3837;980;BOM
3838;422;BOM
3839;949;BOM
3840;822;BOM
3841;287;BOM
3842;362;MAU
3843;910;BOM
3844;561;BOM
3845;689;BOM
3846;879;BOM
3847;124;MAU
3848;86;MAU
3849;284;BOM
3850;688;BOM
3851;351;BOM
3852;618;BOM
3853;25;MAU
3854;393;BOM
3855;728;BOM
3856;798;MAU
3857;955;BOM
3858;202;BOM
3859;990;BOM
3860;680;BOM
3861;949;BOM
3862;178;BOM
3863;995;BOM
3864;947;BOM
3865;972;BOM
3866;201;MAU
3867;171;BOM
3868;872;BOM
3869;945;BOM
3870;628;BOM
3871;295;BOM
3872;894;BOM
3873;794;BOM
3874;70;MAU
3875;38;MAU
3876;786;BOM
3877;997;BOM
3878;882;BOM
3879;65;BOM
3880;98;MAU
3881;174;BOM
3882;212;MAU
3883;864;MAU
3884;962;BOM
3885;963;BOM
3886;18;MAU
3887;434;MAU
3888;161;MAU
3889;484;BOM
3890;666;BOM
3891;324;BOM
3892;205;MAU
3893;276;MAU
3894;516;BOM
3895;892;BOM
3896;408;BOM
3897;908;BOM
3898;876;BOM
3899;980;BOM
3900;866;BOM
3901;928;BOM
3902;667;MAU
3903;927;BOM
3904;982;BOM
3905;834;BOM
3906;925;BOM
3907;902;BOM
3908;29;MAU
3909;920;BOM
3910;560;BOM
3911;745;BOM
3912;109;MAU
3913;968;BOM
3914;709;MAU
3915;867;BOM
3916;45;BOM
3917;970;BOM
3918;458;BOM
3919;917;BOM
3920;119;BOM
3921;851;BOM
3922;840;BOM
3923;932;BOM
3924;910;BOM
3925;510;BOM
3926;901;BOM
3927;394;BOM
3928;703;BOM
3929;869;BOM
3930;850;BOM
3931;357;BOM
3932;553;BOM
3933;979;BOM
3934;325;MAU
3935;724;BOM
3936;898;BOM
3937;932;BOM
3938;426;MAU
3939;741;BOM
3940;580;BOM
3941;961;BOM
3942;652;BOM
3943;358;BOM
3944;855;BOM
3945;885;BOM
3946;929;BOM
3947;794;BOM
3948;796;BOM
3949;770;BOM
3950;565;BOM
3951;37;BOM
3952;277;BOM
3953;751;BOM
3954;376;BOM
3955;464;BOM
3956;30;BOM
3957;584;BOM
3958;589;BOM
3959;842;BOM
3960;644;BOM
3961;447;BOM
3962;935;BOM
3963;700;BOM
3964;723;BOM
3965;738;BOM
3966;929;BOM
3967;637;BOM
3968;921;BOM
3969;967;BOM
3970;793;BOM
3971;459;BOM
3972;766;BOM
3973;700;BOM
3974;975;BOM
3975;970;BOM
3976;825;BOM
3977;691;BOM
3978;649;MAU
3979;115;MAU
3980;420;BOM
3981;612;BOM
3982;614;BOM
3983;702;BOM
3984;719;BOM
3985;605;MAU
3986;822;BOM
3987;113;BOM
3988;972;BOM
3989;918;BOM
3990;212;BOM
3991;760;BOM
3992;184;MAU
3993;870;BOM
3994;732;BOM
3995;918;BOM
3996;873;BOM
3997;897;BOM
3998;476;MAU
3999;966;BOM
4000;472;BOM
